-- Database Product Name: SQLite
-- Driver Version: native.11
-- Database Product Version: 3.7.2
-- URL: jdbc:sqlite:LSH.db

DROP TABLE IF EXISTS `planets`;
CREATE TABLE `planets`(`planet_id` INTEGER,PRIMARY KEY (planet_id));
DROP TABLE IF EXISTS `heroes`;
CREATE TABLE `heroes`(`hero_id` INTEGER,PRIMARY KEY (hero_id),FOREIGN KEY (`homeWorld_id`) REFERENCES `planets`(`planet_id`));
DROP TABLE IF EXISTS `powers`;
CREATE TABLE `powers`(`hero_id` INTEGER,PRIMARY KEY (hero_id),FOREIGN KEY (`hero_id`) REFERENCES `heroes`(`hero_id`));
DROP TABLE IF EXISTS `missions`;
CREATE TABLE `missions`(`name` VARCHAR (100),PRIMARY KEY (name),FOREIGN KEY (`planet_name`) REFERENCES `planets`(`name`));
INSERT INTO `planets` VALUES(1);
INSERT INTO `planets` VALUES(2);
INSERT INTO `planets` VALUES(3);
INSERT INTO `planets` VALUES(4);
INSERT INTO `planets` VALUES(5);
INSERT INTO `planets` VALUES(6);
INSERT INTO `planets` VALUES(7);
INSERT INTO `planets` VALUES(8);
INSERT INTO `planets` VALUES(9);
INSERT INTO `planets` VALUES(10);
INSERT INTO `planets` VALUES(11);
INSERT INTO `planets` VALUES(12);
INSERT INTO `planets` VALUES(13);
INSERT INTO `planets` VALUES(14);
INSERT INTO `planets` VALUES(15);
INSERT INTO `planets` VALUES(16);
INSERT INTO `planets` VALUES(17);
INSERT INTO `planets` VALUES(18);
INSERT INTO `planets` VALUES(19);
INSERT INTO `planets` VALUES(20);
INSERT INTO `planets` VALUES(21);
INSERT INTO `planets` VALUES(22);
INSERT INTO `planets` VALUES(23);
INSERT INTO `planets` VALUES(24);
INSERT INTO `planets` VALUES(25);
INSERT INTO `planets` VALUES(26);
INSERT INTO `heroes` VALUES(1);
INSERT INTO `heroes` VALUES(2);
INSERT INTO `heroes` VALUES(3);
INSERT INTO `heroes` VALUES(4);
INSERT INTO `heroes` VALUES(5);
INSERT INTO `heroes` VALUES(6);
INSERT INTO `heroes` VALUES(7);
INSERT INTO `heroes` VALUES(8);
INSERT INTO `heroes` VALUES(9);
INSERT INTO `heroes` VALUES(10);
INSERT INTO `heroes` VALUES(11);
INSERT INTO `heroes` VALUES(12);
INSERT INTO `heroes` VALUES(13);
INSERT INTO `heroes` VALUES(14);
INSERT INTO `heroes` VALUES(15);
INSERT INTO `heroes` VALUES(16);
INSERT INTO `heroes` VALUES(17);
INSERT INTO `heroes` VALUES(18);
INSERT INTO `heroes` VALUES(19);
INSERT INTO `heroes` VALUES(20);
INSERT INTO `heroes` VALUES(21);
INSERT INTO `heroes` VALUES(22);
INSERT INTO `heroes` VALUES(23);
INSERT INTO `heroes` VALUES(24);
INSERT INTO `heroes` VALUES(25);
INSERT INTO `heroes` VALUES(26);
INSERT INTO `heroes` VALUES(27);
INSERT INTO `heroes` VALUES(28);
INSERT INTO `heroes` VALUES(29);
INSERT INTO `heroes` VALUES(30);
INSERT INTO `heroes` VALUES(31);
INSERT INTO `heroes` VALUES(32);
INSERT INTO `heroes` VALUES(33);
INSERT INTO `heroes` VALUES(34);
INSERT INTO `heroes` VALUES(35);
INSERT INTO `heroes` VALUES(36);
INSERT INTO `heroes` VALUES(37);
INSERT INTO `heroes` VALUES(38);
INSERT INTO `heroes` VALUES(39);
INSERT INTO `heroes` VALUES(40);
INSERT INTO `powers` VALUES(1);
INSERT INTO `powers` VALUES(1);
INSERT INTO `powers` VALUES(2);
INSERT INTO `powers` VALUES(2);
INSERT INTO `powers` VALUES(3);
INSERT INTO `powers` VALUES(3);
INSERT INTO `powers` VALUES(4);
INSERT INTO `powers` VALUES(5);
INSERT INTO `powers` VALUES(6);
INSERT INTO `powers` VALUES(6);
INSERT INTO `powers` VALUES(6);
INSERT INTO `powers` VALUES(6);
INSERT INTO `powers` VALUES(6);
INSERT INTO `powers` VALUES(6);
INSERT INTO `powers` VALUES(6);
INSERT INTO `powers` VALUES(6);
INSERT INTO `powers` VALUES(6);
INSERT INTO `powers` VALUES(6);
INSERT INTO `powers` VALUES(6);
INSERT INTO `powers` VALUES(6);
INSERT INTO `powers` VALUES(6);
INSERT INTO `powers` VALUES(6);
INSERT INTO `powers` VALUES(7);
INSERT INTO `powers` VALUES(8);
INSERT INTO `powers` VALUES(9);
INSERT INTO `powers` VALUES(10);
INSERT INTO `powers` VALUES(11);
INSERT INTO `powers` VALUES(12);
INSERT INTO `powers` VALUES(13);
INSERT INTO `powers` VALUES(13);
INSERT INTO `powers` VALUES(13);
INSERT INTO `powers` VALUES(13);
INSERT INTO `powers` VALUES(13);
INSERT INTO `powers` VALUES(13);
INSERT INTO `powers` VALUES(13);
INSERT INTO `powers` VALUES(13);
INSERT INTO `powers` VALUES(13);
INSERT INTO `powers` VALUES(13);
INSERT INTO `powers` VALUES(13);
INSERT INTO `powers` VALUES(13);
INSERT INTO `powers` VALUES(13);
INSERT INTO `powers` VALUES(13);
INSERT INTO `powers` VALUES(14);
INSERT INTO `powers` VALUES(14);
INSERT INTO `powers` VALUES(14);
INSERT INTO `powers` VALUES(14);
INSERT INTO `powers` VALUES(14);
INSERT INTO `powers` VALUES(14);
INSERT INTO `powers` VALUES(14);
INSERT INTO `powers` VALUES(14);
INSERT INTO `powers` VALUES(14);
INSERT INTO `powers` VALUES(14);
INSERT INTO `powers` VALUES(14);
INSERT INTO `powers` VALUES(14);
INSERT INTO `powers` VALUES(14);
INSERT INTO `powers` VALUES(14);
INSERT INTO `powers` VALUES(15);
INSERT INTO `powers` VALUES(15);
INSERT INTO `powers` VALUES(16);
INSERT INTO `powers` VALUES(17);
INSERT INTO `powers` VALUES(18);
INSERT INTO `powers` VALUES(18);
INSERT INTO `powers` VALUES(18);
INSERT INTO `powers` VALUES(18);
INSERT INTO `powers` VALUES(18);
INSERT INTO `powers` VALUES(18);
INSERT INTO `powers` VALUES(19);
INSERT INTO `powers` VALUES(19);
INSERT INTO `powers` VALUES(19);
INSERT INTO `powers` VALUES(19);
INSERT INTO `powers` VALUES(19);
INSERT INTO `powers` VALUES(19);
INSERT INTO `powers` VALUES(19);
INSERT INTO `powers` VALUES(19);
INSERT INTO `powers` VALUES(19);
INSERT INTO `powers` VALUES(19);
INSERT INTO `powers` VALUES(19);
INSERT INTO `powers` VALUES(19);
INSERT INTO `powers` VALUES(19);
INSERT INTO `powers` VALUES(19);
INSERT INTO `powers` VALUES(20);
INSERT INTO `powers` VALUES(21);
INSERT INTO `powers` VALUES(22);
INSERT INTO `powers` VALUES(22);
INSERT INTO `powers` VALUES(23);
INSERT INTO `powers` VALUES(24);
INSERT INTO `powers` VALUES(24);
INSERT INTO `powers` VALUES(24);
INSERT INTO `powers` VALUES(25);
INSERT INTO `powers` VALUES(26);
INSERT INTO `powers` VALUES(27);
INSERT INTO `powers` VALUES(28);
INSERT INTO `powers` VALUES(29);
INSERT INTO `powers` VALUES(29);
INSERT INTO `powers` VALUES(30);
INSERT INTO `powers` VALUES(30);
INSERT INTO `powers` VALUES(30);
INSERT INTO `powers` VALUES(31);
INSERT INTO `powers` VALUES(32);
INSERT INTO `powers` VALUES(32);
INSERT INTO `powers` VALUES(32);
INSERT INTO `powers` VALUES(33);
INSERT INTO `powers` VALUES(33);
INSERT INTO `powers` VALUES(500);
INSERT INTO `powers` VALUES(33);
INSERT INTO `powers` VALUES(34);
INSERT INTO `powers` VALUES(35);
INSERT INTO `powers` VALUES(36);
INSERT INTO `powers` VALUES(36);
INSERT INTO `powers` VALUES(37);
INSERT INTO `powers` VALUES(37);
INSERT INTO `powers` VALUES(39);
INSERT INTO `powers` VALUES(39);
INSERT INTO `missions` VALUES("Darkseid");
INSERT INTO `missions` VALUES("Earth War");
INSERT INTO `missions` VALUES("Planet Kidnap");
INSERT INTO `missions` VALUES("Mission on non-existant planet");
